Workbook

Sheet GENERAL
B2: Test | C2: Éprouvette | D2: Distance supports | E2: Déplacement imposé | F2: fréquence | G2: Sampling rate | H2: vitesse de déplacement | I2: Force résultante Expérimentale | J2: Force résultante Simulée | L2: Diamètre supports | N2: Éprouvette | O2: masse | P2: Diametre mesuré | S2: Longueur mesurée
C3: # | D3: mm | E3: mm | F3: hz | G3: hz | H3: mm/s | I3: N | J3: N | L3: 4,3mm | N3: # | O3: g | P3: mm | Q3: mm | R3: mm | S3: mm
C4: incertitude | D4: 0.01 | N4: incertitude | O4: 0.01 | P4: 0.01 | Q4: 0.01 | R4: 0.01 | S4: 0.01
B5: Force résultante sur une éprouvette de TPU avec une distance de 60mm entre les supports et un déplacement de 5mm imposé au centre du beam | C5: 1 | D5: 59.3 | E5: 5 | F5: =H5/2/E5 -> 1 | G5: 100 | H5: 10 | I5: 0.48347321 | J5: 0.18744 | N5: 1 | O5: 1.18 | P5: 5.02 | Q5: 4.98 | R5: 5 | S5: 75.01
C6: 2 | N6: 2 | O6: 1.10 | P6: 5.01 | Q6: 4.99 | R6: 5.03 | S6: 75.46
C7: 3 | N7: 3 | O7: 1.10 | P7: 4.95 | Q7: 5.01 | R7: 4.96 | S7: 75.52
C8: 4 | N8: 4 | O8: 1.13 | P8: 4.99 | Q8: 4.97 | R8: 4.97 | S8: 75.7
C9: 5 | N9: 5 | O9: 1.12 | P9: 4.94 | Q9: 4.83 | R9: 4.95 | S9: 75.68
C10: 6 | N10: 6 | O10: 1.15 | P10: 4.97 | Q10: 4.93 | R10: 4.99 | S10: 75.9
B11: Force résultante sur une éprouvette de TPU avec une distance de 60mm entre les supports et un déplacement de 4mm imposé au centre du beam | C11: 1 | D11: 59.3 | E11: 4 | F11: =H11/E11/2 -> 1.25 | G11: 100 | H11: 10 | I11: 0.39177153 | J11: 0.14939
C12: 2
C13: 3
C14: 4
C15: 5
C16: 6
B17: Force résultante sur une éprouvette de TPU avec une distance de 60mm entre les supports et un déplacement de 3mm imposé au centre du beam | C17: 1 | D17: 59.3 | E17: 3 | F17: =H17/2/E17 -> 1.6666667 | G17: 100 | H17: 10 | I17: 0.31102556 | J17: 0.11186
C18: 2
C19: 3
C20: 4
C21: 5
C22: 6
B23: Force résultante sur une éprouvette de TPU avec une distance de 40mm entre les supports et un déplacement de 5mm imposé au centre du beam | C23: 1 | D23: 40.02 | E23: 5 | F23: =H23/2/E23 -> 1 | G23: 100 | H23: 10 | I23: 1.3787062 | J23: 0.95009
C24: 2
C25: 3
C26: 4
C27: 5
C28: 6
B29: Force résultante sur une éprouvette de TPU avec une distance de 40mm entre les supports et un déplacement de 4mm imposé au centre du beam | C29: 1 | D29: 40.02 | E29: 4 | F29: =H29/E29/2 -> 1.25 | G29: 100 | H29: 10 | I29: 1.1825333 | J29: 0.76327
C30: 2
C31: 3
C32: 4
C33: 5
C34: 6
B35: Force résultante sur une éprouvette de TPU avec une distance de 40mm entre les supports et un déplacement de 3mm imposé au centre du beam | C35: 1 | D35: 40.02 | E35: 3 | F35: =H35/2/E35 -> 1.6666667 | G35: 100 | H35: 10 | I35: 0.92025249 | J35: 0.57697
C36: 2
C37: 3
C38: 4
C39: 5
C40: 6

Sheet EXPERIMENTAL
B3: Distance entre supports | C3: Déplacement imposé au centre | D3: Numéro de spécimen | E3: Force résultante | F3: Moyenne | H3: Distance entre supports | I3: Déplacement imposé au centre | J3: Numéro de spécimen | K3: Force résultante | L3: Moyenne
B4: mm | C4: mm | E4: N | F4: N | H4: mm | I4: mm | K4: N | L4: N
B5: 60 | C5: 5 | D5: 1 | E5: 0.58953034 | F5: =AVERAGE(E5:E10) -> 0.48347321 | H5: 40 | I5: 5 | J5: 1 | K5: 1.6592162 | L5: =AVERAGE(K5:K10) -> 1.3787062
D6: 2 | E6: 0.46648365 | J6: 2 | K6: 1.2476934
D7: 3 | E7: 0.44898368 | J7: 3 | K7: 1.3023261
D8: 4 | E8: 0.46101491 | J8: 4 | K8: 1.344162
D9: 5 | E9: 0.47413989 | J9: 5 | K9: 1.3535135
D10: 6 | E10: 0.46068679 | J10: 6 | K10: 1.365326
C11: 4 | D11: 1 | E11: 0.45226493 | F11: =AVERAGE(E11:E16) -> 0.39177153 | I11: 4 | J11: 1 | K11: 1.3961697 | L11: =AVERAGE(K11:K16) -> 1.1825333
D12: 2 | E12: 0.35710883 | J12: 2 | K12: 1.1005296
D13: 3 | E13: 0.37624942 | J13: 3 | K13: 1.1172639
D14: 4 | E14: 0.38390566 | J14: 4 | K14: 1.172881
D15: 5 | E15: 0.38144473 | J15: 5 | K15: 1.1453185
D16: 6 | E16: 0.39965563 | J16: 6 | K16: 1.1630373
C17: 3 | D17: 1 | E17: 0.37356974 | F17: =AVERAGE(E17:E22) -> 0.31102556 | I17: 3 | J17: 1 | K17: 1.1189045 | L17: =AVERAGE(K17:K22) -> 0.92025249
D18: 2 | E18: 0.29312455 | J18: 2 | K18: 0.85257681
D19: 3 | E19: 0.30023391 | J19: 3 | K19: 0.85591274
D20: 4 | E20: 0.3007261 | J20: 4 | K20: 0.89468612
D21: 5 | E21: 0.29235892 | J21: 5 | K21: 0.88544394
D22: 6 | E22: 0.30614015 | J22: 6 | K22: 0.91399078

Sheet INCERTITUDES
A1: SRQ, exp | B1: SRQ, model | C1: u_num | D1: u_input | E1: u_exp_sr | F1: u_exp_br | G1: u_exp | H1: E | I1: del_model | J1: u_val | K1: k u_val | L1: x | M1: E-k u_val | N1: E+k u_val | Q1: 60 mm | T1: 40 mm
A2: 0.48347321 | B2: 0.18744 | C2: =0.001 -> 0.001 | E2: =_xlfn.STDEV.P(EXPERIMENTAL!E5:E10) -> 0.048022554 | F2: =(0.0038*A2) -> 0.0018371982 | G2: =SQRT(E2^2+F2^2) -> 0.048057684 | H2: =B2-A2 -> -0.29603321 | I2: =H2-(C2+D2-G2) -> -0.24897553 | J2: =SQRT(C2^2+D2^2+G2^2) -> 0.048068087 | K2: =2*J2 -> 0.096136174 | L2: 5 | M2: =H2-K2 -> -0.39216939 | N2: =H2+K2 -> -0.19989704 | Q2: E | R2: k - u | S2: k + u | T2: E | U2: k - u | V2: k + u
P3: 3.5 mm
P4: 1 mm
A8: 0.39177153 | B8: 0.14939 | C8: =0.001 -> 0.001 | E8: =_xlfn.STDEV.P(EXPERIMENTAL!E11:E16) -> 0.029812089 | F8: =(0.0038*A8) -> 0.0014887318 | G8: =SQRT(E8^2+F8^2) -> 0.029849237 | H8: =B8-A8 -> -0.24238153 | I8: =H8-(C8+D8-G8) -> -0.21353229 | J8: =SQRT(C8^2+D8^2+G8^2) -> 0.029865983 | K8: =2*J8 -> 0.059731967 | L8: 4 | M8: =H8-K8 -> -0.3021135 | N8: =H8+K8 -> -0.18264956
A14: 0.31102556 | B14: 0.11186 | C14: =0.001 -> 0.001 | E14: =_xlfn.STDEV.P(EXPERIMENTAL!E17:E22) -> 0.028363913 | F14: =(0.0038*A14) -> 0.0011818971 | G14: =SQRT(E14^2+F14^2) -> 0.028388527 | H14: =B14-A14 -> -0.19916556 | I14: =H14-(C14+D14-G14) -> -0.17177704 | J14: =SQRT(C14^2+D14^2+G14^2) -> 0.028406134 | K14: =2*J14 -> 0.056812268 | L14: 3 | M14: =H14-K14 -> -0.25597783 | N14: =H14+K14 -> -0.14235329
A20: 1.3787062 | B20: 0.95009 | C20: =0.001 -> 0.001 | E20: =_xlfn.STDEV.P(EXPERIMENTAL!K5:K10) -> 0.13146047 | F20: =(0.0038*A20) -> 0.0052390836 | G20: =SQRT(E20^2+F20^2) -> 0.13156483 | H20: =B20-A20 -> -0.4286162 | I20: =H20-(C20+D20-G20) -> -0.29805138 | J20: =SQRT(C20^2+D20^2+G20^2) -> 0.13156863 | K20: =2*J20 -> 0.26313725 | L20: 5 | M20: =H20-K20 -> -0.69175346 | N20: =H20+K20 -> -0.16547895
A26: 1.1825333 | B26: 0.76327 | C26: =0.001 -> 0.001 | E26: =_xlfn.STDEV.P(EXPERIMENTAL!K11:K16) -> 0.098728103 | F26: =(0.0038*A26) -> 0.0044936267 | G26: =SQRT(E26^2+F26^2) -> 0.098830314 | H26: =B26-A26 -> -0.41926333 | I26: =H26-(C26+D26-G26) -> -0.32143302 | J26: =SQRT(C26^2+D26^2+G26^2) -> 0.098835373 | K26: =2*J26 -> 0.19767075 | L26: 4 | M26: =H26-K26 -> -0.61693408 | N26: =H26+K26 -> -0.22159259
A32: 0.92025249 | B32: 0.57697 | C32: =0.001 -> 0.001 | E32: =_xlfn.STDEV.P(EXPERIMENTAL!K17:K22) -> 0.091366218 | F32: =(0.0038*A32) -> 0.0034969594 | G32: =SQRT(E32^2+F32^2) -> 0.091433115 | H32: =B32-A32 -> -0.34328249 | I32: =H32-(C32+D32-G32) -> -0.25284937 | J32: =SQRT(C32^2+D32^2+G32^2) -> 0.091438584 | K32: =2*J32 -> 0.18287717 | L32: 3 | M32: =H32-K32 -> -0.52615965 | N32: =H32+K32 -> -0.16040532

Sheet SIMULATION
B2: Distance entre supports | C2: Déplacement imposé au centre | D2: Force résultante | F2: Distance entre supports | G2: Déplacement imposé au centre | H2: Taille des éléments | I2: Force résultante | J2: Force avec élément quadratique | K2: Erreur relative | M2: Distance entre supports | N2: Déplacement imposé au centre | O2: Force résultante
B3: mm | C3: mm | D3: N | F3: mm | G3: mm | H3: mm | I3: N | J3: N | K3: % | M3: mm | N3: mm | O3: N
B4: 60 | C4: 5 | D4: 0.18744 | F4: 60 | G4: 2 | H4: 3 | I4: 0.12178 | M4: 60 | N4: 5 | O4: 0.18503
C5: 4 | D5: 0.14939 | H5: 2 | I5: 0.11736 | N5: 4.5 | O5: 0.16613
C6: 3 | D6: 0.11186 | H6: 1.75 | I6: 0.096397 | N6: 4 | O6: 0.1474
C7: 2 | D7: 0.074614 | H7: 1.5 | I7: 0.095903 | N7: 3.5 | O7: 0.12881
B8: 40 | C8: 5 | D8: 0.95009 | H8: 1.25 | I8: 0.087951 | N8: 3 | O8: 0.11033
C9: 4 | D9: 0.76327 | H9: 1 | I9: 0.08245 | N9: 2.5 | O9: 0.091929
C10: 3 | D10: 0.57697 | H10: 0.75 | I10: 0.079757 | N10: 2 | O10: 0.073574
C11: 2 | D11: 0.38911 | H11: 0.5 | I11: 0.077261 | N11: 1.5 | O11: 0.055235
B12: Mesh de 0,25 mm utilisé triangulaire et linéaire | H12: 0.35 | I12: 0.075513 | N12: 1 | O12: 0.036882
H13: 0.25 | I13: 0.074614 | J13: 0.073062 | K13: =ABS(I13-J13)/I13 -> 0.020800386 | N13: 0.5 | O13: 0.018481
H14: 0.15 | I14: 0.073735 | N14: 0.1 | O14: 0.0037041
H15: 0.1 | I15: 0.073346 | N15: 0.05 | O15: 0.0018526
F16: 40 | G16: 2 | H16: 4 | I16: 0.81888 | J16: 0.40246 | K16: =ABS(I16-J16)/I16 -> 0.50852384 | M16: 40 | N16: 5 | O16: 0.94507
H17: 2 | I17: 0.57563 | J17: 0.39208 | K17: =ABS(I17-J17)/I17 -> 0.31886802 | N17: 4.5 | O17: 0.85201
H18: 1 | I18: 0.41983 | J18: 0.38838 | K18: =ABS(I18-J18)/I18 -> 0.074911274 | N18: 4 | O18: 0.75932
H19: 0.5 | I19: 0.39675 | J19: 0.38689 | K19: =ABS(I19-J19)/I19 -> 0.024851922 | N19: 3.5 | O19: 0.66674
H20: 0.25 | I20: 0.38911 | J20: 0.38621 | K20: =ABS(I20-J20)/I20 -> 0.0074529053 | N20: 3 | O20: 0.57403
H21: 0.125 | I21: 0.38715 | J21: 0.38595 | K21: =ABS(I21-J21)/I21 -> 0.0030995738 | N21: 2.5 | O21: 0.48092
H22: 0.0625 | I22: 0.38654 | J22: 0.38586 | K22: =ABS(I22-J22)/I22 -> 0.001759197 | N22: 2 | O22: 0.38715
H23: 0.03125 | I23: 0.38598 | J23: 0.38572 | K23: =ABS(I23-J23)/I23 -> 0.00067361003 | N23: 1.5 | O23: 0.29246
F24: Les éléments sont linéaire triangulaire sur un modèle 2D. Le matériau est le TPU-60A modélisé par un matériau hyper-élastique. Il est paramétré dans ansys par un polynome de degré 2 avec les coefficients mentionnés dans l'article sur le TPU-60A. Les grands déplacement ont été activés pour tenir compte de l'hyper-élasticité du matériel. | N24: 1 | O24: 0.19657
N25: 0.5 | O25: 0.099181
N26: 0.1 | O26: 0.019995
N27: 0.05 | O27: 0.010008
M28: 65 | N28: 5 | O28: 0.2297
N29: 4.5 | O29: 0.2067
N30: 4 | O30: 0.18379
N31: 3.5 | O31: 0.16094
N32: 3 | O32: 0.13811
N33: 2.5 | O33: 0.11528
N34: 2 | O34: 0.092412
N35: 1.5 | O35: 0.069482
N36: 1 | O36: 0.046458
N37: 0.5 | O37: 0.023308
N38: 0.1 | O38: 0.0046757
N39: 0.05 | O39: 0.0023388
M40: Mesh de 0,125 mm utilisé triangulaire et linéaire
